Sr. No.,Date,Region,Confirmed Cases,Active Cases,Discharged,Deaths
1,01-06-2022,India,43160832,18381,42617810,524641
2,01-06-2022,Andaman and Nicobar Islands,10046,3,9914,129
3,01-06-2022,Andhra Pradesh,2319932,47,2305154,14731
4,01-06-2022,Arunachal Pradesh,64506,2,64208,296
5,01-06-2022,Assam,724230,7,716237,7986
6,01-06-2022,Bihar,830773,34,818483,12256
7,01-06-2022,Chandigarh,92439,116,91158,1165
8,01-06-2022,Chhattisgarh,1152453,52,1138367,14034
9,01-06-2022,Dadra and Nagar Haveli and Daman and Diu,11441,0,11437,4
10,01-06-2022,Delhi,1906896,1603,1879083,26210
11,01-06-2022,Goa,245807,133,241842,3832
12,01-06-2022,Gujarat,1225202,225,1214033,10944
13,01-06-2022,Haryana,1002741,916,991204,10621
14,01-06-2022,Himachal Pradesh,285059,47,280876,4136
15,01-06-2022,Jammu and Kashmir,454249,54,449443,4752
16,01-06-2022,Jharkhand,435342,24,429999,5319
17,01-06-2022,Karnataka,3952102,2029,3909966,40107
18,01-06-2022,Kerala,6557056,5703,6481606,69747
19,01-06-2022,Ladakh,28268,7,28033,228
20,01-06-2022,Lakshadweep,11402,0,11350,52
21,01-06-2022,Madhya Pradesh,1042583,292,1031555,10736
22,01-06-2022,Maharashtra,7887086,3475,7735751,147860
23,01-06-2022,Manipur,137238,8,135110,2120
24,01-06-2022,Meghalaya,93826,4,92229,1593
25,01-06-2022,Mizoram,228336,125,227513,698
26,01-06-2022,Nagaland,35497,2,34735,760
27,01-06-2022,Odisha,1288440,118,1279196,9126
28,01-06-2022,Puducherry,165859,16,163881,1962
29,01-06-2022,Punjab,760356,132,742472,17752
30,01-06-2022,Rajasthan,1285763,532,1275674,9557
31,01-06-2022,Sikkim,39165,0,38713,452
32,01-06-2022,Tamil Nadu,3455474,542,3416907,38025
33,01-06-2022,Telangana,793277,435,788731,4111
34,01-06-2022,Tripura,100887,0,99964,923
35,01-06-2022,Uttar Pradesh,2079800,872,2055408,23520
36,01-06-2022,Uttarakhand,437896,473,429730,7693
37,01-06-2022,West Bengal,2019405,353,1997848,21204
38,01-06-2022,World,527642168,,,6291977
39,02-06-2022,India,43164544,19509,42620394,524641
40,02-06-2022,Andaman and Nicobar Islands,10046,2,9915,129
41,02-06-2022,Andhra Pradesh,2319943,49,2305163,14731
42,02-06-2022,Arunachal Pradesh,64506,2,64208,296
43,02-06-2022,Assam,724230,7,716237,7986
44,02-06-2022,Bihar,830782,42,818484,12256
45,02-06-2022,Chandigarh,92461,125,91171,1165
46,02-06-2022,Chhattisgarh,1152468,60,1138374,14034
47,02-06-2022,Dadra and Nagar Haveli and Daman and Diu,11441,0,11437,4
48,02-06-2022,Delhi,1907264,1567,1879487,26210
49,02-06-2022,Goa,245849,149,241868,3832
50,02-06-2022,Gujarat,1225242,229,1214069,10944
51,02-06-2022,Haryana,1002928,856,991451,10621
52,02-06-2022,Himachal Pradesh,285066,49,280881,4136
53,02-06-2022,Jammu and Kashmir,454255,56,449447,4752
54,02-06-2022,Jharkhand,435348,28,430001,5319
55,02-06-2022,Karnataka,3952280,2001,3910172,40107
56,02-06-2022,Kerala,6558253,6256,6482250,69747
57,02-06-2022,Ladakh,28268,7,28033,228
58,02-06-2022,Lakshadweep,11402,0,11350,52
59,02-06-2022,Madhya Pradesh,1042618,278,1031604,10736
60,02-06-2022,Maharashtra,7888167,4032,7736275,147860
61,02-06-2022,Manipur,137240,9,135111,2120
62,02-06-2022,Meghalaya,93826,4,92229,1593
63,02-06-2022,Mizoram,228352,124,227530,698
64,02-06-2022,Nagaland,35497,1,34736,760
65,02-06-2022,Odisha,1288454,123,1279205,9126
66,02-06-2022,Puducherry,165870,25,163883,1962
67,02-06-2022,Punjab,760370,124,742494,17752
68,02-06-2022,Rajasthan,1285829,515,1275757,9557
69,02-06-2022,Sikkim,39165,0,38713,452
70,02-06-2022,Tamil Nadu,3455613,629,3416959,38025
71,02-06-2022,Telangana,793352,481,788760,4111
72,02-06-2022,Tripura,100887,0,99964,923
73,02-06-2022,Uttar Pradesh,2079924,850,2055554,23520
74,02-06-2022,Uttarakhand,437904,472,429739,7693
75,02-06-2022,West Bengal,2019444,357,1997883,21204
76,02-06-2022,World,528275339,,,6293414
77,03-06-2022,India,43168585,21177,42622757,524651
78,03-06-2022,Andaman and Nicobar Islands,10047,3,9915,129
79,03-06-2022,Andhra Pradesh,2319957,58,2305168,14731
80,03-06-2022,Arunachal Pradesh,64508,3,64209,296
81,03-06-2022,Assam,724233,10,716237,7986
82,03-06-2022,Bihar,830788,42,818490,12256
83,03-06-2022,Chandigarh,92481,122,91194,1165
84,03-06-2022,Chhattisgarh,1152476,62,1138380,14034
85,03-06-2022,Dadra and Nagar Haveli and Daman and Diu,11441,0,11437,4
86,03-06-2022,Delhi,1907637,1490,1879935,26212
87,03-06-2022,Goa,245896,185,241879,3832
88,03-06-2022,Gujarat,1225292,254,1214094,10944
89,03-06-2022,Haryana,1003116,860,991635,10621
90,03-06-2022,Himachal Pradesh,285079,55,280888,4136
91,03-06-2022,Jammu and Kashmir,454262,56,449454,4752
92,03-06-2022,Jharkhand,435359,39,430001,5319
93,03-06-2022,Karnataka,3952577,2204,3910266,40107
94,03-06-2022,Kerala,6559623,6990,6482880,69753
95,03-06-2022,Ladakh,28269,8,28033,228
96,03-06-2022,Lakshadweep,11402,0,11350,52
97,03-06-2022,Madhya Pradesh,1042643,254,1031653,10736
98,03-06-2022,Maharashtra,7889212,4559,7736792,147861
99,03-06-2022,Manipur,137241,10,135111,2120
100,03-06-2022,Meghalaya,93826,3,92230,1593
101,03-06-2022,Mizoram,228372,126,227548,698
102,03-06-2022,Nagaland,35497,0,34736,761
103,03-06-2022,Odisha,1288465,134,1279205,9126
104,03-06-2022,Puducherry,165874,29,163883,1962
105,03-06-2022,Punjab,760391,132,742507,17752
106,03-06-2022,Rajasthan,1285889,513,1275819,9557
107,03-06-2022,Sikkim,39165,0,38713,452
108,03-06-2022,Tamil Nadu,3455758,711,3417022,38025
109,03-06-2022,Telangana,793419,521,788787,4111
110,03-06-2022,Tripura,100887,0,99964,923
111,03-06-2022,Uttar Pradesh,2080081,888,2055673,23520
112,03-06-2022,Uttarakhand,437921,481,429747,7693
113,03-06-2022,West Bengal,2019501,375,1997922,21204
114,03-06-2022,World,528840437,,,6295299
115,04-06-2022,India,43172547,22403,42625454,524690
116,04-06-2022,Andaman and Nicobar Islands,10047,3,9915,129
117,04-06-2022,Andhra Pradesh,2319966,61,2305174,14731
118,04-06-2022,Arunachal Pradesh,64508,3,64209,296
119,04-06-2022,Assam,724233,10,716237,7986
120,04-06-2022,Bihar,830803,54,818493,12256
121,04-06-2022,Chandigarh,92500,126,91209,1165
122,04-06-2022,Chhattisgarh,1152487,71,1138382,14034
123,04-06-2022,Dadra and Nagar Haveli and Daman and Diu,11441,0,11437,4
124,04-06-2022,Delhi,1907982,1446,1880324,26212
125,04-06-2022,Goa,245946,217,241897,3832
126,04-06-2022,Gujarat,1225338,267,1214127,10944
127,04-06-2022,Haryana,1003342,918,991803,10621
128,04-06-2022,Himachal Pradesh,285100,69,280895,4136
129,04-06-2022,Jammu and Kashmir,454271,61,449458,4752
130,04-06-2022,Jharkhand,435365,37,430009,5319
131,04-06-2022,Karnataka,3952836,2229,3910500,40107
132,04-06-2022,Kerala,6560901,7492,6483623,69786
133,04-06-2022,Ladakh,28271,8,28035,228
134,04-06-2022,Lakshadweep,11402,0,11350,52
135,04-06-2022,Madhya Pradesh,1042686,243,1031707,10736
136,04-06-2022,Maharashtra,7890346,5127,7737355,147864
137,04-06-2022,Manipur,137241,5,135116,2120
138,04-06-2022,Meghalaya,93826,2,92231,1593
139,04-06-2022,Mizoram,228391,119,227572,700
140,04-06-2022,Nagaland,35497,0,34736,761
141,04-06-2022,Odisha,1288473,120,1279227,9126
142,04-06-2022,Puducherry,165885,36,163887,1962
143,04-06-2022,Punjab,760402,111,742538,17753
144,04-06-2022,Rajasthan,1285921,485,1275879,9557
145,04-06-2022,Sikkim,39165,0,38713,452
146,04-06-2022,Tamil Nadu,3455871,756,3417090,38025
147,04-06-2022,Telangana,793468,520,788837,4111
148,04-06-2022,Tripura,100887,0,99964,923
149,04-06-2022,Uttar Pradesh,2080273,937,2055816,23520
150,04-06-2022,Uttarakhand,437933,492,429748,7693
151,04-06-2022,West Bengal,2019543,378,1997961,21204
152,04-06-2022,World,529100270,,,6295915
153,05-06-2022,India,43176817,24052,42628073,524692
154,05-06-2022,Andaman and Nicobar Islands,10048,3,9916,129
155,05-06-2022,Andhra Pradesh,2319970,61,2305178,14731
156,05-06-2022,Arunachal Pradesh,64508,3,64209,296
157,05-06-2022,Assam,724237,14,716237,7986
158,05-06-2022,Bihar,830823,69,818498,12256
159,05-06-2022,Chandigarh,92515,124,91226,1165
160,05-06-2022,Chhattisgarh,1152492,64,1138394,14034
161,05-06-2022,Dadra and Nagar Haveli and Daman and Diu,11441,0,11437,4
162,05-06-2022,Delhi,1908387,1467,1880708,26212
163,05-06-2022,Goa,245982,233,241917,3832
164,05-06-2022,Gujarat,1225394,293,1214157,10944
165,05-06-2022,Haryana,1003486,921,991944,10621
166,05-06-2022,Himachal Pradesh,285120,79,280905,4136
167,05-06-2022,Jammu and Kashmir,454276,58,449466,4752
168,05-06-2022,Jharkhand,435372,41,430012,5319
169,05-06-2022,Karnataka,3953058,2260,3910691,40107
170,05-06-2022,Kerala,6562366,8290,6484290,69786
171,05-06-2022,Ladakh,28271,7,28036,228
172,05-06-2022,Lakshadweep,11402,0,11350,52
173,05-06-2022,Madhya Pradesh,1042735,253,1031745,10737
174,05-06-2022,Maharashtra,7891703,5888,7737950,147865
175,05-06-2022,Manipur,137241,5,135116,2120
176,05-06-2022,Meghalaya,93826,0,92233,1593
177,05-06-2022,Mizoram,228400,106,227594,700
178,05-06-2022,Nagaland,35498,1,34736,761
179,05-06-2022,Odisha,1288485,124,1279235,9126
180,05-06-2022,Puducherry,165890,38,163890,1962
181,05-06-2022,Punjab,760429,127,742549,17753
182,05-06-2022,Rajasthan,1285964,411,1275996,9557
183,05-06-2022,Sikkim,39165,0,38713,452
184,05-06-2022,Tamil Nadu,3455976,799,3417152,38025
185,05-06-2022,Telangana,793544,547,788886,4111
186,05-06-2022,Tripura,100887,0,99964,923
187,05-06-2022,Uttar Pradesh,2080403,911,2055972,23520
188,05-06-2022,Uttarakhand,437949,479,429777,7693
189,05-06-2022,West Bengal,2019574,376,1997994,21204
190,05-06-2022,World,529237449,,,6296361
191,06-06-2022,India,43181335,25776,42630852,524707
192,06-06-2022,Andaman and Nicobar Islands,10049,3,9917,129
193,06-06-2022,Andhra Pradesh,2319981,66,2305184,14731
194,06-06-2022,Arunachal Pradesh,64508,3,64209,296
195,06-06-2022,Assam,724237,10,716241,7986
196,06-06-2022,Bihar,830834,75,818503,12256
197,06-06-2022,Chandigarh,92539,133,91241,1165
198,06-06-2022,Chhattisgarh,1152499,68,1138397,14034
199,06-06-2022,Dadra and Nagar Haveli and Daman and Diu,11441,0,11437,4
200,06-06-2022,Delhi,1908730,1422,1881096,26212
201,06-06-2022,Goa,246023,262,241929,3832
202,06-06-2022,Gujarat,1225462,340,1214178,10944
203,06-06-2022,Haryana,1003634,913,992100,10621
204,06-06-2022,Himachal Pradesh,285126,82,280908,4136
205,06-06-2022,Jammu and Kashmir,454280,58,449470,4752
206,06-06-2022,Jharkhand,435378,45,430014,5319
207,06-06-2022,Karnataka,3953359,2414,3910837,40108
208,06-06-2022,Kerala,6563910,8829,6485285,69796
209,06-06-2022,Ladakh,28271,7,28036,228
210,06-06-2022,Lakshadweep,11402,0,11350,52
211,06-06-2022,Madhya Pradesh,1042779,248,1031794,10737
212,06-06-2022,Maharashtra,7893197,6767,7738564,147866
213,06-06-2022,Manipur,137241,5,135116,2120
214,06-06-2022,Meghalaya,93827,1,92233,1593
215,06-06-2022,Mizoram,228404,105,227599,700
216,06-06-2022,Nagaland,35498,1,34736,761
217,06-06-2022,Odisha,1288504,143,1279235,9126
218,06-06-2022,Puducherry,165895,41,163892,1962
219,06-06-2022,Punjab,760446,118,742575,17753
220,06-06-2022,Rajasthan,1286020,439,1276024,9557
221,06-06-2022,Sikkim,39165,0,38713,452
222,06-06-2022,Tamil Nadu,3456083,836,3417222,38025
223,06-06-2022,Telangana,793607,563,788933,4111
224,06-06-2022,Tripura,100887,0,99964,923
225,06-06-2022,Uttar Pradesh,2080525,892,2056111,23522
226,06-06-2022,Uttarakhand,437961,489,429779,7693
227,06-06-2022,West Bengal,2019633,398,1998030,21205
228,06-06-2022,World,529410287,,,6296771
229,07-06-2022,India,43185049,26976,42633365,524708
230,07-06-2022,Andaman and Nicobar Islands,10051,5,9917,129
231,07-06-2022,Andhra Pradesh,2319988,68,2305189,14731
232,07-06-2022,Arunachal Pradesh,64508,3,64209,296
233,07-06-2022,Assam,724237,10,716241,7986
234,07-06-2022,Bihar,830838,74,818508,12256
235,07-06-2022,Chandigarh,92551,135,91251,1165
236,07-06-2022,Chhattisgarh,1152514,76,1138404,14034
237,07-06-2022,Dadra and Nagar Haveli and Daman and Diu,11441,0,11437,4
238,07-06-2022,Delhi,1908977,1349,1881416,26212
239,07-06-2022,Goa,246053,274,241947,3832
240,07-06-2022,Gujarat,1225515,344,1214227,10944
241,07-06-2022,Haryana,1003799,821,992357,10621
242,07-06-2022,Himachal Pradesh,285150,97,280917,4136
243,07-06-2022,Jammu and Kashmir,454283,55,449476,4752
244,07-06-2022,Jharkhand,435384,49,430016,5319
245,07-06-2022,Karnataka,3953589,2441,3911040,40108
246,07-06-2022,Kerala,6565293,9405,6486092,69796
247,07-06-2022,Ladakh,28272,7,28037,228
248,07-06-2022,Lakshadweep,11402,0,11350,52
249,07-06-2022,Madhya Pradesh,1042819,253,1031829,10737
250,07-06-2022,Maharashtra,7894233,7429,7738938,147866
251,07-06-2022,Manipur,137241,5,135116,2120
252,07-06-2022,Meghalaya,93827,1,92233,1593
253,07-06-2022,Mizoram,228434,117,227617,700
254,07-06-2022,Nagaland,35498,1,34736,761
255,07-06-2022,Odisha,1288517,138,1279253,9126
256,07-06-2022,Puducherry,165898,41,163895,1962
257,07-06-2022,Punjab,760469,124,742591,17754
258,07-06-2022,Rajasthan,1286054,349,1276148,9557
259,07-06-2022,Sikkim,39166,1,38713,452
260,07-06-2022,Tamil Nadu,3456173,862,3417286,38025
261,07-06-2022,Telangana,793672,582,788979,4111
262,07-06-2022,Tripura,100887,0,99964,923
263,07-06-2022,Uttar Pradesh,2080662,968,2056172,23522
264,07-06-2022,Uttarakhand,437968,480,429795,7693
265,07-06-2022,West Bengal,2019686,412,1998069,21205
266,07-06-2022,World,530384364,,,6300126
267,08-06-2022,World,530945492,,,6301443
268,09-06-2022,India,43197522,32481,42640301,524740
269,09-06-2022,Andaman and Nicobar Islands,10053,6,9918,129
270,09-06-2022,Andhra Pradesh,2320038,97,2305210,14731
271,09-06-2022,Arunachal Pradesh,64508,2,64210,296
272,09-06-2022,Assam,724242,13,716243,7986
273,09-06-2022,Bihar,830866,82,818528,12256
274,09-06-2022,Chandigarh,92592,131,91296,1165
275,09-06-2022,Chhattisgarh,1152543,76,1138432,14035
276,09-06-2022,Dadra and Nagar Haveli and Daman and Diu,11441,0,11437,4
277,09-06-2022,Delhi,1909991,1691,1882086,26214
278,09-06-2022,Goa,246192,376,241984,3832
279,09-06-2022,Gujarat,1225698,445,1214309,10944
280,09-06-2022,Haryana,1004273,933,992719,10621
281,09-06-2022,Himachal Pradesh,285170,103,280931,4136
282,09-06-2022,Jammu and Kashmir,454301,58,449491,4752
283,09-06-2022,Jharkhand,435392,50,430023,5319
284,09-06-2022,Karnataka,3954313,2623,3911582,40108
285,09-06-2022,Kerala,6569058,11246,6487988,69824
286,09-06-2022,Ladakh,28276,8,28040,228
287,09-06-2022,Lakshadweep,11402,0,11350,52
288,09-06-2022,Madhya Pradesh,1042875,245,1031893,10737
289,09-06-2022,Maharashtra,7898815,9806,7741143,147866
290,09-06-2022,Manipur,137241,2,135119,2120
291,09-06-2022,Meghalaya,93827,1,92233,1593
292,09-06-2022,Mizoram,228478,122,227656,700
293,09-06-2022,Nagaland,35498,1,34736,761
294,09-06-2022,Odisha,1288545,149,1279270,9126
295,09-06-2022,Puducherry,165910,33,163915,1962
296,09-06-2022,Punjab,760518,138,742626,17754
297,09-06-2022,Rajasthan,1286188,392,1276239,9557
298,09-06-2022,Sikkim,39174,9,38713,452
299,09-06-2022,Tamil Nadu,3456512,1021,3417466,38025
300,09-06-2022,Telangana,793907,731,789065,4111
301,09-06-2022,Tripura,100889,2,99964,923
302,09-06-2022,Uttar Pradesh,2080952,914,2056515,23523
303,09-06-2022,Uttarakhand,438012,506,429813,7693
304,09-06-2022,West Bengal,2019832,469,1998158,21205
305,09-06-2022,World,531550610,,,6302982
306,10-06-2022,India,43205106,36267,42644092,524747
307,10-06-2022,Andaman and Nicobar Islands,10053,6,9918,129
308,10-06-2022,Andhra Pradesh,2320060,105,2305224,14731
309,10-06-2022,Arunachal Pradesh,64509,1,64212,296
310,10-06-2022,Assam,724243,11,716246,7986
311,10-06-2022,Bihar,830880,78,818546,12256
312,10-06-2022,Chandigarh,92617,136,91316,1165
313,10-06-2022,Chhattisgarh,1152566,89,1138442,14035
314,10-06-2022,Dadra and Nagar Haveli and Daman and Diu,11441,0,11437,4
315,10-06-2022,Delhi,1910613,1774,1882623,26216
316,10-06-2022,Goa,246259,401,242026,3832
317,10-06-2022,Gujarat,1225815,517,1214354,10944
318,10-06-2022,Haryana,1004621,1170,992830,10621
319,10-06-2022,Himachal Pradesh,285203,130,280937,4136
320,10-06-2022,Jammu and Kashmir,454314,68,449494,4752
321,10-06-2022,Jharkhand,435397,48,430030,5319
322,10-06-2022,Karnataka,3954784,2880,3911796,40108
323,10-06-2022,Kerala,6571251,12193,6489234,69824
324,10-06-2022,Ladakh,28276,7,28041,228
325,10-06-2022,Lakshadweep,11402,0,11350,52
326,10-06-2022,Madhya Pradesh,1042928,276,1031915,10737
327,10-06-2022,Maharashtra,7901628,11571,7742190,147867
328,10-06-2022,Manipur,137242,1,135121,2120
329,10-06-2022,Meghalaya,93827,1,92233,1593
330,10-06-2022,Mizoram,228512,141,227671,700
331,10-06-2022,Nagaland,35498,1,34736,761
332,10-06-2022,Odisha,1288576,169,1279281,9126
333,10-06-2022,Puducherry,165914,35,163917,1962
334,10-06-2022,Punjab,760548,157,742637,17754
335,10-06-2022,Rajasthan,1286259,411,1276289,9559
336,10-06-2022,Sikkim,39175,9,38713,453
337,10-06-2022,Tamil Nadu,3456697,1077,3417595,38025
338,10-06-2022,Telangana,794029,811,789107,4111
339,10-06-2022,Tripura,100889,2,99964,923
340,10-06-2022,Uttar Pradesh,2081109,938,2056647,23524
341,10-06-2022,Uttarakhand,438044,536,429815,7693
342,10-06-2022,West Bengal,2019927,517,1998205,21205
343,10-06-2022,World,532201219,,,6305358
344,11-06-2022,India,43213435,40370,42648308,524757
345,11-06-2022,Andaman and Nicobar Islands,10053,5,9919,129
346,11-06-2022,Andhra Pradesh,2320082,115,2305236,14731
347,11-06-2022,Arunachal Pradesh,64509,1,64212,296
348,11-06-2022,Assam,724250,18,716246,7986
349,11-06-2022,Bihar,830890,78,818556,12256
350,11-06-2022,Chandigarh,92652,152,91335,1165
351,11-06-2022,Chhattisgarh,1152589,102,1138452,14035
352,11-06-2022,Dadra and Nagar Haveli and Daman and Diu,11441,0,11437,4
353,11-06-2022,Delhi,1911268,2008,1883042,26218
354,11-06-2022,Goa,246336,431,242073,3832
355,11-06-2022,Gujarat,1225958,608,1214405,10945
356,11-06-2022,Haryana,1004948,1269,993058,10621
357,11-06-2022,Himachal Pradesh,285228,140,280952,4136
358,11-06-2022,Jammu and Kashmir,454325,71,449502,4752
359,11-06-2022,Jharkhand,435401,50,430032,5319
360,11-06-2022,Karnataka,3955309,3177,3912024,40108
361,11-06-2022,Kerala,6573666,13302,6490535,69829
362,11-06-2022,Ladakh,28282,11,28043,228
363,11-06-2022,Lakshadweep,11402,0,11350,52
364,11-06-2022,Madhya Pradesh,1042978,283,1031957,10738
365,11-06-2022,Maharashtra,7904709,13329,7743513,147867
366,11-06-2022,Manipur,137242,1,135121,2120
367,11-06-2022,Meghalaya,93827,1,92233,1593
368,11-06-2022,Mizoram,228545,153,227692,700
369,11-06-2022,Nagaland,35499,2,34736,761
370,11-06-2022,Odisha,1288596,178,1279292,9126
371,11-06-2022,Puducherry,165921,33,163926,1962
372,11-06-2022,Punjab,760603,194,742655,17754
373,11-06-2022,Rajasthan,1286347,442,1276346,9559
374,11-06-2022,Sikkim,39177,11,38713,453
375,11-06-2022,Tamil Nadu,3456916,1159,3417732,38025
376,11-06-2022,Telangana,794184,907,789166,4111
377,11-06-2022,Tripura,100889,2,99964,923
378,11-06-2022,Uttar Pradesh,2081313,1006,2056782,23525
379,11-06-2022,Uttarakhand,438066,556,429817,7693
380,11-06-2022,West Bengal,2020034,575,1998254,21205
381,11-06-2022,World,532469890,,,6306177
382,12-06-2022,India,43222017,44510,42652743,524764
383,12-06-2022,Andaman and Nicobar Islands,10055,6,9920,129
384,12-06-2022,Andhra Pradesh,2320098,126,2305241,14731
385,12-06-2022,Arunachal Pradesh,64509,1,64212,296
386,12-06-2022,Assam,724252,20,716246,7986
387,12-06-2022,Bihar,830934,105,818573,12256
388,12-06-2022,Chandigarh,92689,174,91350,1165
389,12-06-2022,Chhattisgarh,1152616,123,1138458,14035
390,12-06-2022,Dadra and Nagar Haveli and Daman and Diu,11441,0,11437,4
391,12-06-2022,Delhi,1912063,2247,1883598,26218
392,12-06-2022,Goa,246407,452,242123,3832
393,12-06-2022,Gujarat,1226112,704,1214463,10945
394,12-06-2022,Haryana,1005359,1548,993190,10621
395,12-06-2022,Himachal Pradesh,285245,144,280965,4136
396,12-06-2022,Jammu and Kashmir,454337,81,449504,4752
397,12-06-2022,Jharkhand,435401,50,430032,5319
398,12-06-2022,Karnataka,3955871,3387,3912376,40108
399,12-06-2022,Kerala,6576137,14515,6491787,69835
400,12-06-2022,Ladakh,28284,13,28043,228
401,12-06-2022,Lakshadweep,11402,0,11350,52
402,12-06-2022,Madhya Pradesh,1043057,305,1032014,10738
403,12-06-2022,Maharashtra,7907631,14858,7744905,147868
404,12-06-2022,Manipur,137242,1,135121,2120
405,12-06-2022,Meghalaya,93829,3,92233,1593
406,12-06-2022,Mizoram,228573,169,227704,700
407,12-06-2022,Nagaland,35500,3,34736,761
408,12-06-2022,Odisha,1288620,202,1279292,9126
409,12-06-2022,Puducherry,165929,35,163932,1962
410,12-06-2022,Punjab,760668,235,742679,17754
411,12-06-2022,Rajasthan,1286423,481,1276383,9559
412,12-06-2022,Sikkim,39178,11,38714,453
413,12-06-2022,Tamil Nadu,3457133,1231,3417877,38025
414,12-06-2022,Telangana,794329,977,789241,4111
415,12-06-2022,Tripura,100889,2,99964,923
416,12-06-2022,Uttar Pradesh,2081546,1087,2056934,23525
417,12-06-2022,Uttarakhand,438085,552,429840,7693
418,12-06-2022,West Bengal,2020173,662,1998306,21205
419,12-06-2022,World,532677229,,,6306670
420,13-06-2022,India,43230101,47995,42657335,524771
421,13-06-2022,Andaman and Nicobar Islands,10056,5,9922,129
422,13-06-2022,Andhra Pradesh,2320121,136,2305254,14731
423,13-06-2022,Arunachal Pradesh,64509,1,64212,296
424,13-06-2022,Assam,724252,20,716246,7986
425,13-06-2022,Bihar,830951,116,818579,12256
426,13-06-2022,Chandigarh,92735,196,91374,1165
427,13-06-2022,Chhattisgarh,1152636,136,1138465,14035
428,13-06-2022,Dadra and Nagar Haveli and Daman and Diu,11441,0,11437,4
429,13-06-2022,Delhi,1912798,2442,1884135,26221
430,13-06-2022,Goa,246464,473,242159,3832
431,13-06-2022,Gujarat,1226252,778,1214529,10945
432,13-06-2022,Haryana,1005663,1617,993425,10621
433,13-06-2022,Himachal Pradesh,285255,143,280976,4136
434,13-06-2022,Jammu and Kashmir,454348,88,449508,4752
435,13-06-2022,Jharkhand,435408,51,430038,5319
436,13-06-2022,Karnataka,3956334,3651,3912575,40108
437,13-06-2022,Kerala,6578456,15363,6493258,69835
438,13-06-2022,Ladakh,28288,17,28043,228
439,13-06-2022,Lakshadweep,11402,0,11350,52
440,13-06-2022,Madhya Pradesh,1043116,329,1032049,10738
441,13-06-2022,Maharashtra,7910577,16370,7746337,147870
442,13-06-2022,Manipur,137243,2,135121,2120
443,13-06-2022,Meghalaya,93830,4,92233,1593
444,13-06-2022,Mizoram,228575,168,227706,701
445,13-06-2022,Nagaland,35500,3,34736,761
446,13-06-2022,Odisha,1288639,189,1279324,9126
447,13-06-2022,Puducherry,165937,37,163938,1962
448,13-06-2022,Punjab,760711,264,742692,17755
449,13-06-2022,Rajasthan,1286500,510,1276431,9559
450,13-06-2022,Sikkim,39180,12,38715,453
451,13-06-2022,Tamil Nadu,3457382,1332,3418025,38025
452,13-06-2022,Telangana,794458,1039,789308,4111
453,13-06-2022,Tripura,100889,2,99964,923
454,13-06-2022,Uttar Pradesh,2081804,1212,2057067,23525
455,13-06-2022,Uttarakhand,438095,558,429844,7693
456,13-06-2022,West Bengal,2020296,731,1998360,21205
457,13-06-2022,World,532887351,,,6307021
458,14-06-2022,India,43236695,50548,42661370,524777
459,14-06-2022,Andaman and Nicobar Islands,10057,5,9923,129
460,14-06-2022,Andhra Pradesh,2320139,147,2305261,14731
461,14-06-2022,Arunachal Pradesh,64510,2,64212,296
462,14-06-2022,Assam,724257,23,716246,7988
463,14-06-2022,Bihar,830965,127,818582,12256
464,14-06-2022,Chandigarh,92760,209,91386,1165
465,14-06-2022,Chhattisgarh,1152679,167,1138477,14035
466,14-06-2022,Dadra and Nagar Haveli and Daman and Diu,11441,0,11437,4
467,14-06-2022,Delhi,1913412,2561,1884630,26221
468,14-06-2022,Goa,246508,475,242200,3833
469,14-06-2022,Gujarat,1226363,832,1214586,10945
470,14-06-2022,Haryana,1006061,1685,993755,10621
471,14-06-2022,Himachal Pradesh,285273,147,280990,4136
472,14-06-2022,Jammu and Kashmir,454355,90,449513,4752
473,14-06-2022,Jharkhand,435418,52,430047,5319
474,14-06-2022,Karnataka,3956749,3688,3912953,40108
475,14-06-2022,Kerala,6580411,15872,6494704,69835
476,14-06-2022,Ladakh,28291,19,28044,228
477,14-06-2022,Lakshadweep,11402,0,11350,52
478,14-06-2022,Madhya Pradesh,1043178,364,1032076,10738
479,14-06-2022,Maharashtra,7912462,17480,7747111,147871
480,14-06-2022,Manipur,137243,2,135121,2120
481,14-06-2022,Meghalaya,93831,5,92233,1593
482,14-06-2022,Mizoram,228620,190,227729,701
483,14-06-2022,Nagaland,35500,3,34736,761
484,14-06-2022,Odisha,1288651,188,1279337,9126
485,14-06-2022,Puducherry,165939,38,163939,1962
486,14-06-2022,Punjab,760771,299,742716,17756
487,14-06-2022,Rajasthan,1286566,543,1276464,9559
488,14-06-2022,Sikkim,39181,12,38716,453
489,14-06-2022,Tamil Nadu,3457637,1453,3418159,38025
490,14-06-2022,Telangana,794584,1116,789357,4111
491,14-06-2022,Tripura,100889,2,99964,923
492,14-06-2022,Uttar Pradesh,2082062,1390,2057147,23525
493,14-06-2022,Uttarakhand,438121,574,429854,7693
494,14-06-2022,West Bengal,2020409,788,1998415,21206
495,14-06-2022,World,533954256,,,6310597
496,15-06-2022,India,43245517,53637,42667088,524792
497,15-06-2022,Andaman and Nicobar Islands,10058,5,9924,129
498,15-06-2022,Andhra Pradesh,2320172,164,2305277,14731
499,15-06-2022,Arunachal Pradesh,64510,2,64212,296
500,15-06-2022,Assam,724267,33,716246,7988
501,15-06-2022,Bihar,830991,136,818599,12256
502,15-06-2022,Chandigarh,92808,238,91405,1165
503,15-06-2022,Chhattisgarh,1152717,195,1138487,14035
504,15-06-2022,Dadra and Nagar Haveli and Daman and Diu,11441,0,11437,4
505,15-06-2022,Delhi,1914530,3177,1885130,26223
506,15-06-2022,Goa,246612,549,242230,3833
507,15-06-2022,Gujarat,1226528,920,1214663,10945
508,15-06-2022,Haryana,1006491,1844,994026,10621
509,15-06-2022,Himachal Pradesh,285281,148,280997,4136
510,15-06-2022,Jammu and Kashmir,454373,99,449522,4752
511,15-06-2022,Jharkhand,435436,65,430052,5319
512,15-06-2022,Karnataka,3957343,3882,3913353,40108
513,15-06-2022,Kerala,6582400,16278,6496280,69842
514,15-06-2022,Ladakh,28296,22,28046,228
515,15-06-2022,Lakshadweep,11402,0,11350,52
516,15-06-2022,Madhya Pradesh,1043221,381,1032101,10739
517,15-06-2022,Maharashtra,7915418,18267,7749276,147875
518,15-06-2022,Manipur,137243,2,135121,2120
519,15-06-2022,Meghalaya,93832,5,92234,1593
520,15-06-2022,Mizoram,228649,199,227749,701
521,15-06-2022,Nagaland,35500,3,34736,761
522,15-06-2022,Odisha,1288674,197,1279351,9126
523,15-06-2022,Puducherry,165955,49,163944,1962
524,15-06-2022,Punjab,760833,339,742738,17756
525,15-06-2022,Rajasthan,1286654,596,1276498,9560
526,15-06-2022,Sikkim,39184,13,38718,453
527,15-06-2022,Tamil Nadu,3457969,1632,3418312,38025
528,15-06-2022,Telangana,794803,1259,789433,4111
529,15-06-2022,Tripura,100890,1,99966,923
530,15-06-2022,Uttar Pradesh,2082346,1510,2057311,23525
531,15-06-2022,Uttarakhand,438146,561,429892,7693
532,15-06-2022,West Bengal,2020544,866,1998472,21206
533,15-06-2022,World,534638983,,,6311785
534,16-06-2022,India,43257730,58207,42674712,524811
535,16-06-2022,Andaman and Nicobar Islands,10063,10,9924,129
536,16-06-2022,Andhra Pradesh,2320225,190,2305304,14731
537,16-06-2022,Arunachal Pradesh,64510,2,64212,296
538,16-06-2022,Assam,724288,54,716246,7988
539,16-06-2022,Bihar,831034,162,818616,12256
540,16-06-2022,Chandigarh,92830,238,91427,1165
541,16-06-2022,Chhattisgarh,1152775,232,1138508,14035
542,16-06-2022,Dadra and Nagar Haveli and Daman and Diu,11441,0,11437,4
543,16-06-2022,Delhi,1915905,3643,1886039,26223
544,16-06-2022,Goa,246694,569,242292,3833
545,16-06-2022,Gujarat,1226712,991,1214775,10946
546,16-06-2022,Haryana,1007087,2114,994352,10621
547,16-06-2022,Himachal Pradesh,285321,172,281012,4137
548,16-06-2022,Jammu and Kashmir,454398,120,449526,4752
549,16-06-2022,Jharkhand,435450,66,430065,5319
550,16-06-2022,Karnataka,3957991,3997,3913885,40109
551,16-06-2022,Kerala,6585888,17947,6498088,69853
552,16-06-2022,Ladakh,28306,31,28047,228
553,16-06-2022,Lakshadweep,11402,0,11350,52
554,16-06-2022,Madhya Pradesh,1043278,393,1032146,10739
555,16-06-2022,Maharashtra,7919442,19261,7752304,147877
556,16-06-2022,Manipur,137244,3,135121,2120
557,16-06-2022,Meghalaya,93838,11,92234,1593
558,16-06-2022,Mizoram,228666,188,227777,701
559,16-06-2022,Nagaland,35502,4,34737,761
560,16-06-2022,Odisha,1288696,189,1279381,9126
561,16-06-2022,Puducherry,165973,63,163948,1962
562,16-06-2022,Punjab,760907,378,742773,17756
563,16-06-2022,Rajasthan,1286731,581,1276590,9560
564,16-06-2022,Sikkim,39185,10,38722,453
565,16-06-2022,Tamil Nadu,3458445,1938,3418481,38026
566,16-06-2022,Telangana,795008,1401,789496,4111
567,16-06-2022,Tripura,100890,1,99966,923
568,16-06-2022,Uttar Pradesh,2082659,1645,2057489,23525
569,16-06-2022,Uttarakhand,438172,566,429912,7694
570,16-06-2022,West Bengal,2020774,1037,1998530,21207
571,16-06-2022,World,535248141,,,6313229
572,17-06-2022,India,43270577,63063,42682697,524817
573,17-06-2022,Andaman and Nicobar Islands,10064,11,9924,129
574,17-06-2022,Andhra Pradesh,2320264,205,2305328,14731
575,17-06-2022,Arunachal Pradesh,64511,2,64213,296
576,17-06-2022,Assam,724303,59,716256,7988
577,17-06-2022,Bihar,831074,179,818639,12256
578,17-06-2022,Chandigarh,92865,248,91452,1165
579,17-06-2022,Chhattisgarh,1152775,232,1138508,14035
580,17-06-2022,Dadra and Nagar Haveli and Daman and Diu,11441,0,11437,4
581,17-06-2022,Delhi,1917228,3948,1887055,26225
582,17-06-2022,Goa,246806,614,242359,3833
583,17-06-2022,Gujarat,1226940,1102,1214892,10946
584,17-06-2022,Haryana,1007712,2364,994727,10621
585,17-06-2022,Himachal Pradesh,285347,147,281063,4137
586,17-06-2022,Jammu and Kashmir,454420,126,449542,4752
587,17-06-2022,Jharkhand,435473,76,430078,5319
588,17-06-2022,Karnataka,3958824,4371,3914343,40110
589,17-06-2022,Kerala,6589307,19210,6500244,69853
590,17-06-2022,Ladakh,28306,31,28047,228
591,17-06-2022,Lakshadweep,11402,0,11350,52
592,17-06-2022,Madhya Pradesh,1043338,400,1032199,10739
593,17-06-2022,Maharashtra,7923697,20634,7755183,147880
594,17-06-2022,Manipur,137244,2,135122,2120
595,17-06-2022,Meghalaya,93869,42,92234,1593
596,17-06-2022,Mizoram,228687,167,227819,701
597,17-06-2022,Nagaland,35502,3,34738,761
598,17-06-2022,Odisha,1288737,213,1279398,9126
599,17-06-2022,Puducherry,165992,77,163953,1962
600,17-06-2022,Punjab,760999,430,742813,17756
601,17-06-2022,Rajasthan,1286846,631,1276655,9560
602,17-06-2022,Sikkim,39188,12,38723,453
603,17-06-2022,Tamil Nadu,3458997,2313,3418658,38026
604,17-06-2022,Telangana,795293,1621,789561,4111
605,17-06-2022,Tripura,100890,1,99966,923
606,17-06-2022,Uttar Pradesh,2083072,1849,2057698,23525
607,17-06-2022,Uttarakhand,438192,569,429929,7694
608,17-06-2022,West Bengal,2020972,1174,1998591,21207
609,17-06-2022,World,535913444,,,6315150
610,18-06-2022,India,43283793,68101,42690845,524847
611,18-06-2022,Andaman and Nicobar Islands,10079,24,9926,129
612,18-06-2022,Andhra Pradesh,2320310,226,2305353,14731
613,18-06-2022,Arunachal Pradesh,64511,2,64213,296
614,18-06-2022,Assam,724314,70,716256,7988
615,18-06-2022,Bihar,831146,235,818655,12256
616,18-06-2022,Chandigarh,92920,268,91487,1165
617,18-06-2022,Chhattisgarh,1152928,339,1138554,14035
618,18-06-2022,Dadra and Nagar Haveli and Daman and Diu,11441,0,11437,4
619,18-06-2022,Delhi,1919025,4843,1887956,26226
620,18-06-2022,Goa,246934,671,242430,3833
621,18-06-2022,Gujarat,1227165,1186,1215033,10946
622,18-06-2022,Haryana,1008401,2633,995147,10621
623,18-06-2022,Himachal Pradesh,285378,146,281095,4137
624,18-06-2022,Jammu and Kashmir,454442,124,449566,4752
625,18-06-2022,Jharkhand,435488,82,430087,5319
626,18-06-2022,Karnataka,3959458,4500,3914846,40112
627,18-06-2022,Kerala,6592469,20331,6502265,69873
628,18-06-2022,Ladakh,28307,26,28053,228
629,18-06-2022,Lakshadweep,11402,0,11350,52
630,18-06-2022,Madhya Pradesh,1043409,421,1032249,10739
631,18-06-2022,Maharashtra,7927862,21749,7758230,147883
632,18-06-2022,Manipur,137244,2,135122,2120
633,18-06-2022,Meghalaya,93872,43,92235,1594
634,18-06-2022,Mizoram,228704,150,227853,701
635,18-06-2022,Nagaland,35502,2,34739,761
636,18-06-2022,Odisha,1288762,217,1279419,9126
637,18-06-2022,Puducherry,166023,100,163961,1962
638,18-06-2022,Punjab,761108,485,742866,17757
639,18-06-2022,Rajasthan,1286930,639,1276731,9560
640,18-06-2022,Sikkim,39189,11,38725,453
641,18-06-2022,Tamil Nadu,3459586,2694,3418866,38026
642,18-06-2022,Telangana,795572,1781,789680,4111
643,18-06-2022,Tripura,100890,1,99966,923
644,18-06-2022,Uttar Pradesh,2083533,2118,2057889,23526
645,18-06-2022,Uttarakhand,438222,576,429951,7695
646,18-06-2022,West Bengal,2021267,1406,1998654,21207
647,18-06-2022,World,536247638,,,6315871
648,19-06-2022,India,43296692,72474,42699363,524855
649,19-06-2022,Andaman and Nicobar Islands,10088,32,9927,129
650,19-06-2022,Andhra Pradesh,2320353,250,2305372,14731
651,19-06-2022,Arunachal Pradesh,64512,3,64213,296
652,19-06-2022,Assam,724339,95,716256,7988
653,19-06-2022,Bihar,831215,284,818675,12256
654,19-06-2022,Chandigarh,92984,295,91524,1165
655,19-06-2022,Chhattisgarh,1153022,406,1138581,14035
656,19-06-2022,Dadra and Nagar Haveli and Daman and Diu,11441,0,11437,4
657,19-06-2022,Delhi,1920559,5119,1889211,26229
658,19-06-2022,Goa,247073,733,242507,3833
659,19-06-2022,Gujarat,1227399,1261,1215192,10946
660,19-06-2022,Haryana,1009113,2945,995547,10621
661,19-06-2022,Himachal Pradesh,285408,163,281108,4137
662,19-06-2022,Jammu and Kashmir,454469,141,449576,4752
663,19-06-2022,Jharkhand,435512,94,430099,5319
664,19-06-2022,Karnataka,3960208,4825,3915271,40112
665,19-06-2022,Kerala,6595722,21275,6504574,69873
666,19-06-2022,Ladakh,28310,26,28056,228
667,19-06-2022,Lakshadweep,11402,0,11350,52
668,19-06-2022,Madhya Pradesh,1043474,415,1032319,10740
669,19-06-2022,Maharashtra,7931745,22828,7761032,147885
670,19-06-2022,Manipur,137245,2,135123,2120
671,19-06-2022,Meghalaya,93872,41,92237,1594
672,19-06-2022,Mizoram,228731,155,227875,701
673,19-06-2022,Nagaland,35502,2,34739,761
674,19-06-2022,Odisha,1288800,255,1279419,9126
675,19-06-2022,Puducherry,166044,114,163968,1962
676,19-06-2022,Punjab,761200,513,742929,17758
677,19-06-2022,Rajasthan,1287053,669,1276823,9561
678,19-06-2022,Sikkim,39189,10,38726,453
679,19-06-2022,Tamil Nadu,3460182,3073,3419083,38026
680,19-06-2022,Telangana,795819,1912,789796,4111
681,19-06-2022,Tripura,100890,1,99966,923
682,19-06-2022,Uttar Pradesh,2084010,2323,2058161,23526
683,19-06-2022,Uttarakhand,438252,589,429968,7695
684,19-06-2022,West Bengal,2021555,1625,1998723,21207
685,19-06-2022,World,536416899,,,6316282
686,20-06-2022,India,43309473,76695,42707900,524878
687,20-06-2022,Andaman and Nicobar Islands,10091,34,9928,129
688,20-06-2022,Andhra Pradesh,2320414,293,2305390,14731
689,20-06-2022,Arunachal Pradesh,64512,3,64213,296
690,20-06-2022,Assam,724348,104,716256,7988
691,20-06-2022,Bihar,831270,309,818705,12256
692,20-06-2022,Chandigarh,93057,322,91570,1165
693,20-06-2022,Chhattisgarh,1153068,432,1138601,14035
694,20-06-2022,Dadra and Nagar Haveli and Daman and Diu,11441,0,11437,4
695,20-06-2022,Delhi,1922089,5542,1890315,26232
696,20-06-2022,Goa,247151,740,242578,3833
697,20-06-2022,Gujarat,1227643,1374,1215323,10946
698,20-06-2022,Haryana,1009599,2985,995993,10621
699,20-06-2022,Himachal Pradesh,285416,163,281116,4137
700,20-06-2022,Jammu and Kashmir,454501,163,449586,4752
701,20-06-2022,Jharkhand,435536,108,430109,5319
702,20-06-2022,Karnataka,3960831,5035,3915683,40113
703,20-06-2022,Kerala,6599098,22431,6506778,69889
704,20-06-2022,Ladakh,28313,27,28058,228
705,20-06-2022,Lakshadweep,11402,0,11350,52
706,20-06-2022,Madhya Pradesh,1043536,420,1032376,10740
707,20-06-2022,Maharashtra,7935749,23746,7764117,147886
708,20-06-2022,Manipur,137245,2,135123,2120
709,20-06-2022,Meghalaya,93874,43,92237,1594
710,20-06-2022,Mizoram,228733,143,227889,701
711,20-06-2022,Nagaland,35502,2,34739,761
712,20-06-2022,Odisha,1288851,292,1279433,9126
713,20-06-2022,Puducherry,166065,128,163975,1962
714,20-06-2022,Punjab,761303,566,742978,17759
715,20-06-2022,Rajasthan,1287136,671,1276904,9561
716,20-06-2022,Sikkim,39192,12,38727,453
717,20-06-2022,Tamil Nadu,3460874,3522,3419326,38026
718,20-06-2022,Telangana,796055,2026,789918,4111
719,20-06-2022,Tripura,100890,1,99966,923
720,20-06-2022,Uttar Pradesh,2084500,2540,2058434,23526
721,20-06-2022,Uttarakhand,438271,603,429973,7695
722,20-06-2022,West Bengal,2021917,1913,1998796,21208
723,20-06-2022,World,536590224,,,6316655
724,21-06-2022,India,43319396,79313,42715193,524890
725,21-06-2022,Andaman and Nicobar Islands,10095,33,9933,129
726,21-06-2022,Andhra Pradesh,2320439,298,2305410,14731
727,21-06-2022,Arunachal Pradesh,64512,2,64214,296
728,21-06-2022,Assam,724374,128,716258,7988
729,21-06-2022,Bihar,831305,313,818736,12256
730,21-06-2022,Chandigarh,93102,342,91595,1165
731,21-06-2022,Chhattisgarh,1153137,463,1138639,14035
732,21-06-2022,Dadra and Nagar Haveli and Daman and Diu,11441,0,11437,4
733,21-06-2022,Delhi,1923149,5375,1891536,26238
734,21-06-2022,Goa,247229,761,242635,3833
735,21-06-2022,Gujarat,1227860,1461,1215453,10946
736,21-06-2022,Haryana,1010283,3103,996559,10621
737,21-06-2022,Himachal Pradesh,285467,192,281137,4138
738,21-06-2022,Jammu and Kashmir,454520,169,449598,4753
739,21-06-2022,Jharkhand,435547,111,430117,5319
740,21-06-2022,Karnataka,3961361,4928,3916320,40113
741,21-06-2022,Kerala,6601884,23145,6508850,69889
742,21-06-2022,Ladakh,28318,27,28063,228
743,21-06-2022,Lakshadweep,11402,0,11350,52
744,21-06-2022,Madhya Pradesh,1043607,435,1032432,10740
745,21-06-2022,Maharashtra,7938103,24613,7765602,147888
746,21-06-2022,Manipur,137246,3,135123,2120
747,21-06-2022,Meghalaya,93874,39,92241,1594
748,21-06-2022,Mizoram,228751,129,227921,701
749,21-06-2022,Nagaland,35502,1,34740,761
750,21-06-2022,Odisha,1288897,292,1279479,9126
751,21-06-2022,Puducherry,166073,129,163982,1962
752,21-06-2022,Punjab,761382,593,743030,17759
753,21-06-2022,Rajasthan,1287203,676,1276966,9561
754,21-06-2022,Sikkim,39192,9,38730,453
755,21-06-2022,Tamil Nadu,3461560,3951,3419583,38026
756,21-06-2022,Telangana,796301,2117,790073,4111
757,21-06-2022,Tripura,100890,1,99966,923
758,21-06-2022,Uttar Pradesh,2084966,2825,2058614,23527
759,21-06-2022,Uttarakhand,438283,605,429983,7695
760,21-06-2022,West Bengal,2022141,2044,1998888,21209
761,21-06-2022,World,537684698,,,6319820
762,22-06-2022,India,43331645,81667,42725055,524923
763,22-06-2022,Andaman and Nicobar Islands,10103,40,9934,129
764,22-06-2022,Andhra Pradesh,2320509,340,2305438,14731
765,22-06-2022,Arunachal Pradesh,64513,3,64214,296
766,22-06-2022,Assam,724398,132,716278,7988
767,22-06-2022,Bihar,831368,325,818787,12256
768,22-06-2022,Chandigarh,93181,373,91643,1165
769,22-06-2022,Chhattisgarh,1153225,516,1138674,14035
770,22-06-2022,Dadra and Nagar Haveli and Daman and Diu,11441,0,11437,4
771,22-06-2022,Delhi,1924532,5595,1892698,26239
772,22-06-2022,Goa,247364,792,242739,3833
773,22-06-2022,Gujarat,1228086,1524,1215616,10946
774,22-06-2022,Haryana,1010894,3057,997216,10621
775,22-06-2022,Himachal Pradesh,285507,213,281156,4138
776,22-06-2022,Jammu and Kashmir,454545,185,449606,4754
777,22-06-2022,Jharkhand,435563,114,430130,5319
778,22-06-2022,Karnataka,3962099,5020,3916966,40113
779,22-06-2022,Kerala,6604493,23440,6511136,69917
780,22-06-2022,Ladakh,28328,32,28068,228
781,22-06-2022,Lakshadweep,11402,0,11350,52
782,22-06-2022,Madhya Pradesh,1043687,457,1032490,10740
783,22-06-2022,Maharashtra,7941762,24915,7768958,147889
784,22-06-2022,Manipur,137247,4,135123,2120
785,22-06-2022,Meghalaya,93878,20,92264,1594
786,22-06-2022,Mizoram,228771,124,227946,701
787,22-06-2022,Nagaland,35503,0,34742,761
788,22-06-2022,Odisha,1288950,325,1279499,9126
789,22-06-2022,Puducherry,166107,150,163995,1962
790,22-06-2022,Punjab,761487,635,743093,17759
791,22-06-2022,Rajasthan,1287317,708,1277048,9561
792,22-06-2022,Sikkim,39193,9,38731,453
793,22-06-2022,Tamil Nadu,3462297,4366,3419905,38026
794,22-06-2022,Telangana,796704,2375,790218,4111
795,22-06-2022,Tripura,100890,0,99967,923
796,22-06-2022,Uttar Pradesh,2085453,2935,2058990,23528
797,22-06-2022,Uttarakhand,438301,614,429992,7695
798,22-06-2022,West Bengal,2022547,2329,1999008,21210
799,22-06-2022,World,538387242,,,6320868
800,23-06-2022,India,43344958,83990,42736027,524941
801,23-06-2022,Andaman and Nicobar Islands,10108,34,9945,129
802,23-06-2022,Andhra Pradesh,2320595,369,2305495,14731
803,23-06-2022,Arunachal Pradesh,64515,5,64214,296
804,23-06-2022,Assam,724431,155,716288,7988
805,23-06-2022,Bihar,831494,410,818828,12256
806,23-06-2022,Chandigarh,93217,387,91665,1165
807,23-06-2022,Chhattisgarh,1153356,585,1138736,14035
808,23-06-2022,Dadra and Nagar Haveli and Daman and Diu,11441,0,11437,4
809,23-06-2022,Delhi,1925460,5054,1894164,26242
810,23-06-2022,Goa,247520,866,242821,3833
811,23-06-2022,Gujarat,1228493,1741,1215806,10946
812,23-06-2022,Haryana,1011421,2884,997915,10622
813,23-06-2022,Himachal Pradesh,285547,213,281195,4139
814,23-06-2022,Jammu and Kashmir,454585,209,449621,4755
815,23-06-2022,Jharkhand,435583,125,430139,5319
816,23-06-2022,Karnataka,3962775,4892,3917770,40113
817,23-06-2022,Kerala,6608717,25200,6513600,69917
818,23-06-2022,Ladakh,28334,32,28074,228
819,23-06-2022,Lakshadweep,11402,0,11350,52
820,23-06-2022,Madhya Pradesh,1043736,454,1032542,10740
821,23-06-2022,Maharashtra,7945022,24639,7772491,147892
822,23-06-2022,Manipur,137250,6,135124,2120
823,23-06-2022,Meghalaya,93878,16,92268,1594
824,23-06-2022,Mizoram,228793,122,227969,702
825,23-06-2022,Nagaland,35503,0,34742,761
826,23-06-2022,Odisha,1288995,334,1279535,9126
827,23-06-2022,Puducherry,166125,142,164021,1962
828,23-06-2022,Punjab,761621,681,743179,17761
829,23-06-2022,Rajasthan,1287419,713,1277145,9561
830,23-06-2022,Sikkim,39198,13,38732,453
831,23-06-2022,Tamil Nadu,3463068,4678,3420364,38026
832,23-06-2022,Telangana,797138,2680,790347,4111
833,23-06-2022,Tripura,100894,4,99967,923
834,23-06-2022,Uttar Pradesh,2086131,3257,2059342,23532
835,23-06-2022,Uttarakhand,438351,644,430012,7695
836,23-06-2022,West Bengal,2022842,2446,1999184,21212
837,23-06-2022,World,539119771,,,6322311
838,24-06-2022,India,43362294,88284,42749056,524954
839,24-06-2022,Andaman and Nicobar Islands,10114,35,9950,129
840,24-06-2022,Andhra Pradesh,2320682,406,2305545,14731
841,24-06-2022,Arunachal Pradesh,64515,5,64214,296
842,24-06-2022,Assam,724465,179,716298,7988
843,24-06-2022,Bihar,831610,492,818862,12256
844,24-06-2022,Chandigarh,93282,417,91700,1165
845,24-06-2022,Chhattisgarh,1153470,632,1138802,14036
846,24-06-2022,Dadra and Nagar Haveli and Daman and Diu,11454,8,11442,4
847,24-06-2022,Delhi,1927394,5755,1895397,26242
848,24-06-2022,Goa,247671,905,242933,3833
849,24-06-2022,Gujarat,1228909,1927,1216036,10946
850,24-06-2022,Haryana,1012293,3085,998586,10622
851,24-06-2022,Himachal Pradesh,285594,232,281222,4140
852,24-06-2022,Jammu and Kashmir,454623,220,449648,4755
853,24-06-2022,Jharkhand,435619,151,430149,5319
854,24-06-2022,Karnataka,3963633,5067,3918452,40114
855,24-06-2022,Kerala,6612607,25911,6516772,69924
856,24-06-2022,Ladakh,28339,35,28076,228
857,24-06-2022,Lakshadweep,11403,1,11350,52
858,24-06-2022,Madhya Pradesh,1043804,457,1032607,10740
859,24-06-2022,Maharashtra,7950240,24867,7777480,147893
860,24-06-2022,Manipur,137251,7,135124,2120
861,24-06-2022,Meghalaya,93878,8,92276,1594
862,24-06-2022,Mizoram,228805,118,227985,702
863,24-06-2022,Nagaland,35504,1,34742,761
864,24-06-2022,Odisha,1289068,407,1279535,9126
865,24-06-2022,Puducherry,166167,168,164037,1962
866,24-06-2022,Punjab,761734,712,743259,17763
867,24-06-2022,Rajasthan,1287554,751,1277242,9561
868,24-06-2022,Sikkim,39200,14,38733,453
869,24-06-2022,Tamil Nadu,3464131,5174,3420931,38026
870,24-06-2022,Telangana,797632,3048,790473,4111
871,24-06-2022,Tripura,100894,4,99967,923
872,24-06-2022,Uttar Pradesh,2086765,3423,2059810,23532
873,24-06-2022,Uttarakhand,438403,642,430066,7695
874,24-06-2022,West Bengal,2023587,3020,1999355,21212
875,24-06-2022,World,540049106,,,6324324
876,25-06-2022,India,43378234,91769,42761481,524984
877,25-06-2022,Andaman and Nicobar Islands,10119,33,9957,129
878,25-06-2022,Andhra Pradesh,2320780,462,2305587,14731
879,25-06-2022,Arunachal Pradesh,64516,5,64215,296
880,25-06-2022,Assam,724508,217,716303,7988
881,25-06-2022,Bihar,831762,576,818929,12257
882,25-06-2022,Chandigarh,93378,458,91755,1165
883,25-06-2022,Chhattisgarh,1153552,643,1138873,14036
884,25-06-2022,Dadra and Nagar Haveli and Daman and Diu,11460,12,11444,4
885,25-06-2022,Delhi,1928841,5507,1897091,26243
886,25-06-2022,Goa,247820,926,243061,3833
887,25-06-2022,Gujarat,1229289,2098,1216245,10946
888,25-06-2022,Haryana,1012944,3099,999223,10622
889,25-06-2022,Himachal Pradesh,285642,259,281243,4140
890,25-06-2022,Jammu and Kashmir,454677,250,449672,4755
891,25-06-2022,Jharkhand,435649,177,430153,5319
892,25-06-2022,Karnataka,3964449,5180,3919155,40114
893,25-06-2022,Kerala,6616588,26827,6519816,69945
894,25-06-2022,Ladakh,28348,41,28079,228
895,25-06-2022,Lakshadweep,11405,3,11350,52
896,25-06-2022,Madhya Pradesh,1043899,482,1032677,10740
897,25-06-2022,Maharashtra,7954445,25317,7781232,147896
898,25-06-2022,Manipur,137251,7,135124,2120
899,25-06-2022,Meghalaya,93886,15,92277,1594
900,25-06-2022,Mizoram,228840,142,227996,702
901,25-06-2022,Nagaland,35505,2,34742,761
902,25-06-2022,Odisha,1289129,401,1279602,9126
903,25-06-2022,Puducherry,166209,182,164065,1962
904,25-06-2022,Punjab,761884,752,743368,17764
905,25-06-2022,Rajasthan,1287674,785,1277327,9562
906,25-06-2022,Sikkim,39203,14,38736,453
907,25-06-2022,Tamil Nadu,3465490,5912,3421552,38026
908,25-06-2022,Telangana,798125,3322,790692,4111
909,25-06-2022,Tripura,100895,5,99967,923
910,25-06-2022,Uttar Pradesh,2087385,3536,2060317,23532
911,25-06-2022,Uttarakhand,438443,642,430106,7695
912,25-06-2022,West Bengal,2024244,3480,1999550,21214
913,25-06-2022,World,540540410,,,6325105
914,26-06-2022,India,43389973,92576,42772398,524999
915,26-06-2022,Andaman and Nicobar Islands,10126,37,9960,129
916,26-06-2022,Andhra Pradesh,2320882,518,2305633,14731
917,26-06-2022,Arunachal Pradesh,64516,4,64216,296
918,26-06-2022,Assam,724551,240,716323,7988
919,26-06-2022,Bihar,831917,639,819021,12257
920,26-06-2022,Chandigarh,93476,492,91819,1165
921,26-06-2022,Chhattisgarh,1153644,640,1138968,14036
922,26-06-2022,Dadra and Nagar Haveli and Daman and Diu,11460,9,11447,4
923,26-06-2022,Delhi,1929507,4717,1898541,26249
924,26-06-2022,Goa,247929,896,243200,3833
925,26-06-2022,Gujarat,1229708,2299,1216463,10946
926,26-06-2022,Haryana,1013454,3125,999707,10622
927,26-06-2022,Himachal Pradesh,285705,292,281272,4141
928,26-06-2022,Jammu and Kashmir,454742,294,449693,4755
929,26-06-2022,Jharkhand,435702,220,430162,5320
930,26-06-2022,Karnataka,3964702,4822,3919766,40114
931,26-06-2022,Kerala,6620686,27891,6522850,69945
932,26-06-2022,Ladakh,28353,43,28082,228
933,26-06-2022,Lakshadweep,11405,3,11350,52
934,26-06-2022,Madhya Pradesh,1043960,481,1032739,10740
935,26-06-2022,Maharashtra,7956173,24333,7783940,147900
936,26-06-2022,Manipur,137254,10,135124,2120
937,26-06-2022,Meghalaya,93897,25,92278,1594
938,26-06-2022,Mizoram,228895,173,228020,702
939,26-06-2022,Nagaland,35505,2,34742,761
940,26-06-2022,Odisha,1289191,416,1279649,9126
941,26-06-2022,Puducherry,166263,216,164085,1962
942,26-06-2022,Punjab,762041,831,743446,17764
943,26-06-2022,Rajasthan,1287796,822,1277411,9563
944,26-06-2022,Sikkim,39205,15,38737,453
945,26-06-2022,Tamil Nadu,3466872,6677,3422169,38026
946,26-06-2022,Telangana,798621,3613,790897,4111
947,26-06-2022,Tripura,100895,5,99967,923
948,26-06-2022,Uttar Pradesh,2087964,3607,2060825,23532
949,26-06-2022,Uttarakhand,438497,673,430129,7695
950,26-06-2022,West Bengal,2024479,3496,1999767,21216
951,26-06-2022,World,540740057,,,6325450
952,27-06-2022,India,43407046,94420,42787606,525020
953,27-06-2022,Andaman and Nicobar Islands,10131,37,9965,129
954,27-06-2022,Andhra Pradesh,2320992,576,2305685,14731
955,27-06-2022,Arunachal Pradesh,64516,4,64216,296
956,27-06-2022,Assam,724587,256,716343,7988
957,27-06-2022,Bihar,832059,694,819108,12257
958,27-06-2022,Chandigarh,93552,495,91892,1165
959,27-06-2022,Chhattisgarh,1153742,696,1139010,14036
960,27-06-2022,Dadra and Nagar Haveli and Daman and Diu,11462,9,11449,4
961,27-06-2022,Delhi,1931398,4939,1900206,26253
962,27-06-2022,Goa,248041,928,243278,3835
963,27-06-2022,Gujarat,1230128,2463,1216719,10946
964,27-06-2022,Haryana,1013994,3089,1000283,10622
965,27-06-2022,Himachal Pradesh,285742,319,281282,4141
966,27-06-2022,Jammu and Kashmir,454798,321,449721,4756
967,27-06-2022,Jharkhand,435729,232,430177,5320
968,27-06-2022,Karnataka,3964835,4438,3920283,40114
969,27-06-2022,Kerala,6624064,27772,6526341,69951
970,27-06-2022,Ladakh,28362,49,28085,228
971,27-06-2022,Lakshadweep,11407,4,11351,52
972,27-06-2022,Madhya Pradesh,1044007,462,1032805,10740
973,27-06-2022,Maharashtra,7962666,24608,7790153,147905
974,27-06-2022,Manipur,137255,11,135124,2120
975,27-06-2022,Meghalaya,93905,29,92282,1594
976,27-06-2022,Mizoram,228904,171,228031,702
977,27-06-2022,Nagaland,35506,3,34742,761
978,27-06-2022,Odisha,1289259,440,1279693,9126
979,27-06-2022,Puducherry,166305,238,164105,1962
980,27-06-2022,Punjab,762209,908,743535,17766
981,27-06-2022,Rajasthan,1287957,858,1277536,9563
982,27-06-2022,Sikkim,39205,14,38738,453
983,27-06-2022,Tamil Nadu,3468344,7458,3422860,38026
984,27-06-2022,Telangana,799055,3762,791182,4111
985,27-06-2022,Tripura,100895,5,99967,923
986,27-06-2022,Uttar Pradesh,2088536,3653,2061350,23533
987,27-06-2022,Uttarakhand,438527,702,430130,7695
988,27-06-2022,West Bengal,2024972,3777,1999979,21216
989,27-06-2022,World,540923532,,,6325785
990,28-06-2022,India,43418839,96700,42797092,525047
991,28-06-2022,Andaman and Nicobar Islands,10137,35,9973,129
992,28-06-2022,Andhra Pradesh,2321035,585,2305719,14731
993,28-06-2022,Arunachal Pradesh,64517,5,64216,296
994,28-06-2022,Assam,724647,306,716353,7988
995,28-06-2022,Bihar,832192,775,819160,12257
996,28-06-2022,Chandigarh,93604,502,91937,1165
997,28-06-2022,Chhattisgarh,1153867,757,1139074,14036
998,28-06-2022,Dadra and Nagar Haveli and Daman and Diu,11467,13,11450,4
999,28-06-2022,Delhi,1932026,4553,1901217,26256
1000,28-06-2022,Goa,248171,923,243413,3835
1001,28-06-2022,Gujarat,1230479,2566,1216967,10946
1002,28-06-2022,Haryana,1014444,2876,1000946,10622
1003,28-06-2022,Himachal Pradesh,285836,367,281328,4141
1004,28-06-2022,Jammu and Kashmir,454865,359,449750,4756
1005,28-06-2022,Jharkhand,435761,257,430184,5320
1006,28-06-2022,Karnataka,3965452,4288,3921050,40114
1007,28-06-2022,Kerala,6627270,27919,6529387,69964
1008,28-06-2022,Ladakh,28376,59,28089,228
1009,28-06-2022,Lakshadweep,11407,2,11353,52
1010,28-06-2022,Madhya Pradesh,1044081,465,1032875,10741
1011,28-06-2022,Maharashtra,7965035,25570,7791555,147910
1012,28-06-2022,Manipur,137258,14,135124,2120
1013,28-06-2022,Meghalaya,93913,37,92282,1594
1014,28-06-2022,Mizoram,228945,188,228054,703
1015,28-06-2022,Nagaland,35507,3,34743,761
1016,28-06-2022,Odisha,1289328,457,1279745,9126
1017,28-06-2022,Puducherry,166314,234,164118,1962
1018,28-06-2022,Punjab,762338,921,743648,17769
1019,28-06-2022,Rajasthan,1288054,880,1277611,9563
1020,28-06-2022,Sikkim,39210,18,38739,453
1021,28-06-2022,Tamil Nadu,3469805,8222,3423557,38026
1022,28-06-2022,Telangana,799532,3960,791461,4111
1023,28-06-2022,Tripura,100899,9,99967,923
1024,28-06-2022,Uttar Pradesh,2088985,3767,2061685,23533
1025,28-06-2022,Uttarakhand,438559,728,430135,7696
1026,28-06-2022,West Bengal,2025523,4080,2000227,21216
1027,28-06-2022,World,542621350,,,6330242
1028,29-06-2022,India,43433345,99585,42808666,525094
1029,29-06-2022,Andaman and Nicobar Islands,10149,38,9982,129
1030,29-06-2022,Andhra Pradesh,2321207,658,2305818,14731
1031,29-06-2022,Arunachal Pradesh,64518,6,64216,296
1032,29-06-2022,Assam,724715,362,716365,7988
1033,29-06-2022,Bihar,832403,886,819258,12259
1034,29-06-2022,Chandigarh,93700,519,92016,1165
1035,29-06-2022,Chhattisgarh,1154053,851,1139166,14036
1036,29-06-2022,Dadra and Nagar Haveli and Daman and Diu,11470,15,11451,4
1037,29-06-2022,Delhi,1932900,4482,1902158,26260
1038,29-06-2022,Goa,248339,932,243569,3838
1039,29-06-2022,Gujarat,1230954,2793,1217215,10946
1040,29-06-2022,Haryana,1014881,2649,1001610,10622
1041,29-06-2022,Himachal Pradesh,285956,441,281374,4141
1042,29-06-2022,Jammu and Kashmir,454933,405,449772,4756
1043,29-06-2022,Jharkhand,435814,279,430215,5320
1044,29-06-2022,Karnataka,3966420,4918,3921387,40115
1045,29-06-2022,Kerala,6630263,28069,6532201,69993
1046,29-06-2022,Ladakh,28389,67,28094,228
1047,29-06-2022,Lakshadweep,11407,2,11353,52
1048,29-06-2022,Madhya Pradesh,1044150,454,1032955,10741
1049,29-06-2022,Maharashtra,7968517,25481,7795121,147915
1050,29-06-2022,Manipur,137260,16,135124,2120
1051,29-06-2022,Meghalaya,93919,41,92284,1594
1052,29-06-2022,Mizoram,229009,231,228075,703
1053,29-06-2022,Nagaland,35507,3,34743,761
1054,29-06-2022,Odisha,1289441,521,1279794,9126
1055,29-06-2022,Puducherry,166358,247,164149,1962
1056,29-06-2022,Punjab,762532,984,743778,17770
1057,29-06-2022,Rajasthan,1288188,904,1277720,9564
1058,29-06-2022,Sikkim,39218,23,38742,453
1059,29-06-2022,Tamil Nadu,3471289,8970,3424293,38026
1060,29-06-2022,Telangana,799991,4172,791708,4111
1061,29-06-2022,Tripura,100899,5,99971,923
1062,29-06-2022,Uttar Pradesh,2089504,3634,2062336,23534
1063,29-06-2022,Uttarakhand,438615,768,430151,7696
1064,29-06-2022,West Bengal,2026477,4759,2000502,21216
1065,29-06-2022,World,543508803,,,6331596
1066,30-06-2022,India,43452164,104555,42822493,525116
1067,30-06-2022,Andaman and Nicobar Islands,10157,42,9986,129
1068,30-06-2022,Andhra Pradesh,2321379,755,2305893,14731
1069,30-06-2022,Arunachal Pradesh,64518,4,64218,296
1070,30-06-2022,Assam,724788,395,716405,7988
1071,30-06-2022,Bihar,832581,934,819388,12259
1072,30-06-2022,Chandigarh,93785,568,92052,1165
1073,30-06-2022,Chhattisgarh,1154179,861,1139282,14036
1074,30-06-2022,Dadra and Nagar Haveli and Daman and Diu,11474,14,11456,4
1075,30-06-2022,Delhi,1934009,4325,1903423,26261
1076,30-06-2022,Goa,248540,982,243720,3838
1077,30-06-2022,Gujarat,1231483,2914,1217623,10946
1078,30-06-2022,Haryana,1015501,2655,1002222,10624
1079,30-06-2022,Himachal Pradesh,286061,507,281413,4141
1080,30-06-2022,Jammu and Kashmir,455006,447,449803,4756
1081,30-06-2022,Jharkhand,435858,284,430254,5320
1082,30-06-2022,Karnataka,3968365,5707,3922541,40117
1083,30-06-2022,Kerala,6634722,28860,6535869,69993
1084,30-06-2022,Ladakh,28411,78,28105,228
1085,30-06-2022,Lakshadweep,11408,3,11353,52
1086,30-06-2022,Madhya Pradesh,1044243,490,1033012,10741
1087,30-06-2022,Maharashtra,7972474,25735,7798817,147922
1088,30-06-2022,Manipur,137266,18,135128,2120
1089,30-06-2022,Meghalaya,93947,65,92288,1594
1090,30-06-2022,Mizoram,229048,261,228084,703
1091,30-06-2022,Nagaland,35507,2,34744,761
1092,30-06-2022,Odisha,1289602,627,1279849,9126
1093,30-06-2022,Puducherry,166438,304,164172,1962
1094,30-06-2022,Punjab,762755,1079,743903,17773
1095,30-06-2022,Rajasthan,1288328,939,1277825,9564
1096,30-06-2022,Sikkim,39224,26,38744,454
1097,30-06-2022,Tamil Nadu,3473116,10033,3425057,38026
1098,30-06-2022,Telangana,800476,4421,791944,4111
1099,30-06-2022,Tripura,100901,7,99971,923
1100,30-06-2022,Uttar Pradesh,2090050,3541,2062971,23538
1101,30-06-2022,Uttarakhand,438663,787,430180,7696
1102,30-06-2022,West Bengal,2027901,5885,2000798,21218
1103,30-06-2022,World,544396927,,,6333228
